chemical,total_applied,max_applied
SULFUR,335143.718783,7070.4
"PETROLEUM DISTILLATES, REFINED",216732.5672025,5776.9710057
POTASSIUM BICARBONATE,56167.53401,1148.30352
LIME-SULFUR,48180.492526,8409.958298
MINERAL OIL,13505.6170828,381.7972
GLUFOSINATE-AMMONIUM,12533.821328,352.3527525
"GLYPHOSATE, ISOPROPYLAMINE SALT",10624.1603614,559.521752
COPPER HYDROXIDE,8832.14719308,276.95958
PENDIMETHALIN,7168.895973,1806.8088816
OXYFLUORFEN,6720.3560076,481.5764834
